age_group,pass__
61–75,1.4650644843839022
76–90,1.4488534819616514
46–60,1.4320239906637318
90+,1.4281954887218045
31–45,1.4118981889661353
18–30,1.4012438476904385
<18,1.2786195286195285
