county,pass__
Lake,2.7851304775972427
Glenn,2.7723193197921585
Colusa,2.3147138964577656
Calaveras,2.2875296746264486
Yuba,2.185042244706373
Trinity,1.9286754002911208
Amador,1.9061032863849765
Modoc,1.5601965601965602
El Dorado,1.4425728367334207
Siskiyou,1.4251700680272108
Napa,1.405771643663739
Tehama,1.3734411401946005
Shasta,1.3348449329387801
Plumas,1.3143396226415094
Riverside,1.2615353150926116
Alameda,1.2078866846339338
Marin,1.0
Lassen,1.0
Sierra,1.0
Tuolumne,1.0
