gender,pass__
M,1.436289180548053
F,1.4330454551393443
U,1.366144517433047
